date,retail_and_recreation,grocery_and_pharmacy,parks,transit_stations,workplaces,residential
2020-02-15,4,5,-5,1,7,1
2020-02-16,0,5,-5,-1,1,2
2020-02-17,-1,3,-4,6,15,-1
2020-02-18,-3,1,-3,10,17,-1
2020-02-19,-5,-5,-5,6,13,-2
2020-02-20,-5,-4,-6,2,7,-1
2020-02-21,-2,-1,-6,8,13,-1
2020-02-22,-2,-2,-8,2,4,0
2020-02-23,-7,-4,-11,-5,-2,2
2020-02-24,-7,-4,-9,6,11,0
2020-02-25,-8,-5,-9,8,13,0
2020-02-26,-6,-5,-5,7,13,-2
2020-02-27,-5,-2,-6,4,13,-2
2020-02-28,3,7,-4,10,20,-3
2020-02-29,8,11,-2,8,10,-1
2020-03-01,5,13,-2,4,3,1
2020-03-02,2,8,-4,12,17,-2
2020-03-03,0,7,-3,15,19,-2
2020-03-04,-1,2,-2,9,15,-2
2020-03-05,-1,4,-1,9,14,-2
2020-03-06,1,4,-3,12,21,-3
2020-03-07,3,5,-4,4,10,0
2020-03-08,6,5,-3,1,4,1
2020-03-09,-5,-1,-9,8,16,-1
2020-03-10,-7,-2,-9,13,18,-1
2020-03-11,-8,-3,-7,8,14,-2
2020-03-12,-9,-1,-8,3,13,-1
2020-03-13,-6,2,-11,4,18,-1
2020-03-14,-5,7,-10,-4,8,1
2020-03-15,-14,9,-16,-11,1,4
2020-03-16,-15,12,-18,-14,-3,5
2020-03-17,-23,13,-20,-19,-11,9
2020-03-18,-29,8,-24,-27,-20,11
2020-03-19,-31,7,-25,-29,-24,11
2020-03-20,-62,-29,-51,-63,-47,25
2020-03-21,-83,-55,-75,-78,-65,30
2020-03-22,-85,-64,-79,-77,-55,25
2020-03-23,-86,-66,-77,-84,-82,37
2020-03-24,-71,-41,-60,-65,-62,28
2020-03-25,-83,-64,-75,-80,-75,35
2020-03-26,-82,-61,-74,-80,-75,35
2020-03-27,-82,-59,-74,-80,-73,38
2020-03-28,-84,-61,-76,-80,-68,31
2020-03-29,-86,-68,-80,-82,-58,26
2020-03-30,-79,-56,-71,-79,-73,34
2020-03-31,-78,-52,-69,-78,-72,34
2020-04-01,-78,-53,-69,-78,-73,33
2020-04-02,-78,-51,-68,-78,-73,34
2020-04-03,-79,-53,-71,-78,-71,36
2020-04-04,-82,-58,-74,-79,-66,31
2020-04-05,-85,-66,-79,-81,-57,26
2020-04-06,-77,-54,-69,-78,-72,34
2020-04-07,-76,-49,-67,-76,-71,33
2020-04-08,-76,-47,-65,-76,-72,32
2020-04-09,-85,-63,-76,-85,-83,38
2020-04-10,-90,-75,-82,-88,-85,42
2020-04-11,-84,-65,-77,-81,-69,32
2020-04-12,-86,-70,-80,-81,-57,26
2020-04-13,-77,-55,-69,-77,-69,33
2020-04-14,-77,-54,-69,-77,-69,33
2020-04-15,-76,-52,-67,-76,-69,32
2020-04-16,-77,-52,-67,-77,-69,33
2020-04-17,-76,-49,-67,-75,-66,35
2020-04-18,-83,-64,-75,-77,-62,30
2020-04-19,-84,-69,-79,-79,-54,25
2020-04-20,-76,-57,-68,-76,-66,32
2020-04-21,-76,-55,-68,-74,-66,32
2020-04-22,-77,-58,-68,-76,-66,32
2020-04-23,-75,-54,-67,-75,-66,32
2020-04-24,-76,-55,-69,-75,-63,34
2020-04-25,-79,-60,-73,-74,-57,29
2020-04-26,-83,-68,-78,-77,-50,24
2020-04-27,-71,-52,-64,-72,-60,30
2020-04-28,-72,-51,-63,-71,-60,26
2020-04-29,-70,-50,-61,-70,-60,29
2020-04-30,-69,-45,-59,-70,-60,28
2020-05-01,-79,-56,-70,-78,-73,36
2020-05-02,-77,-56,-69,-71,-54,27
2020-05-03,-80,-64,-75,-73,-47,23
2020-05-04,-67,-45,-59,-69,-56,28
2020-05-05,-66,-42,-57,-66,-55,28
2020-05-06,-67,-44,-56,-66,-56,27
2020-05-07,-66,-41,-54,-64,-56,28
2020-05-08,-67,-39,-57,-64,-51,29
2020-05-09,-71,-46,-61,-62,-46,25
2020-05-10,-75,-57,-67,-64,-38,21
2020-05-11,-63,-41,-55,-63,-50,26
2020-05-12,-64,-40,-54,-61,-49,27
2020-05-13,-64,-41,-53,-62,-51,26
2020-05-14,-64,-40,-53,-63,-51,24
2020-05-15,-63,-36,-54,-61,-47,27
2020-05-16,-68,-43,-59,-59,-40,23
2020-05-17,-76,-54,-69,-65,-38,21
2020-05-18,-59,-35,-51,-60,-46,25
2020-05-19,-62,-37,-52,-59,-47,26
2020-05-20,-60,-36,-49,-58,-47,25
2020-05-21,-60,-35,-48,-59,-48,25
2020-05-22,-61,-34,-51,-58,-42,26
2020-05-23,-66,-41,-56,-56,-34,22
2020-05-24,-74,-54,-66,-63,-34,20
2020-05-25,-75,-54,-63,-74,-72,32
2020-05-26,-58,-33,-47,-55,-41,23
2020-05-27,-58,-34,-47,-57,-44,23
2020-05-28,-58,-33,-47,-57,-44,24
2020-05-29,-57,-29,-47,-55,-39,25
2020-05-30,-64,-38,-55,-54,-29,21
2020-05-31,-70,-45,-62,-58,-24,19
2020-06-01,-53,-27,-44,-53,-39,22
2020-06-02,-52,-25,-42,-51,-39,23
2020-06-03,-55,-31,-46,-54,-41,23
2020-06-04,-52,-26,-41,-52,-40,22
2020-06-05,-54,-25,-44,-52,-36,23
2020-06-06,-58,-31,-50,-50,-24,19
2020-06-07,-67,-44,-58,-56,-22,18
2020-06-08,-51,-28,-43,-53,-36,21
2020-06-09,-52,-28,-43,-51,-36,22
2020-06-10,-52,-31,-43,-54,-38,21
2020-06-11,-52,-29,-43,-54,-38,22
2020-06-12,-52,-26,-44,-52,-34,22
2020-06-13,-53,-25,-45,-46,-18,18
2020-06-14,-66,-43,-58,-55,-17,17
2020-06-15,-67,-45,-56,-69,-66,29
2020-06-16,-48,-25,-38,-49,-33,20
2020-06-17,-49,-27,-40,-51,-37,20
2020-06-18,-49,-27,-41,-52,-38,20
2020-06-19,-43,-15,-37,-47,-31,19
2020-06-20,-51,-25,-43,-45,-16,17
2020-06-21,-61,-38,-52,-49,-8,15
2020-06-22,-69,-50,-58,-70,-67,29
2020-06-23,-47,-24,-38,-48,-35,20
2020-06-24,-48,-26,-37,-49,-36,19
2020-06-25,-48,-25,-38,-50,-36,20
2020-06-26,-48,-21,-39,-48,-32,21
2020-06-27,-49,-23,-40,-43,-17,16
2020-06-28,-63,-42,-56,-52,-14,17
2020-06-29,-64,-42,-52,-67,-65,28
2020-06-30,-43,-17,-33,-46,-32,18
2020-07-01,-43,-18,-34,-48,-35,18
2020-07-02,-42,-16,-33,-47,-36,19
2020-07-03,-44,-16,-35,-46,-32,20
2020-07-04,-50,-24,-42,-43,-18,17
2020-07-05,-59,-36,-50,-50,-14,16
2020-07-06,-44,-22,-38,-49,-35,19
2020-07-07,-43,-19,-36,-46,-35,20
2020-07-08,-46,-25,-37,-50,-36,19
2020-07-09,-46,-23,-36,-50,-37,20
2020-07-10,-47,-22,-39,-48,-32,21
2020-07-11,-51,-28,-44,-45,-18,17
2020-07-12,-60,-39,-52,-50,-14,16
2020-07-13,-50,-28,-43,-56,-38,21
2020-07-14,-50,-26,-41,-55,-38,21
2020-07-15,-50,-27,-42,-56,-39,20
2020-07-16,-49,-22,-39,-55,-40,21
2020-07-17,-55,-28,-48,-60,-40,24
2020-07-18,-60,-35,-52,-58,-27,20
2020-07-19,-69,-49,-62,-63,-25,19
2020-07-20,-72,-55,-63,-75,-71,32
2020-07-21,-50,-25,-42,-54,-37,20
2020-07-22,-49,-25,-41,-54,-39,20
2020-07-23,-52,-28,-43,-58,-40,21
2020-07-24,-58,-33,-51,-62,-40,25
2020-07-25,-64,-42,-57,-61,-30,22
2020-07-26,-70,-51,-62,-64,-25,19
2020-07-27,-47,-25,-41,-55,-38,20
2020-07-28,-48,-24,-40,-53,-37,21
2020-07-29,-49,-26,-40,-55,-39,20
2020-07-30,-47,-22,-39,-54,-40,20
2020-07-31,-55,-28,-45,-60,-40,24
2020-08-01,-59,-33,-49,-57,-28,20
2020-08-02,-67,-45,-58,-61,-25,18
2020-08-03,-47,-23,-40,-56,-39,21
2020-08-04,-47,-21,-37,-53,-38,21
2020-08-05,-47,-23,-37,-55,-39,20
2020-08-06,-44,-16,-33,-52,-39,18
2020-08-07,-69,-47,-58,-69,-63,31
2020-08-08,-62,-39,-53,-57,-33,21
2020-08-09,-69,-51,-59,-61,-26,18
2020-08-10,-45,-24,-38,-54,-37,19
2020-08-11,-46,-23,-37,-52,-36,20
2020-08-12,-48,-27,-39,-54,-38,19
2020-08-13,-48,-25,-39,-54,-39,20
2020-08-14,-48,-21,-40,-52,-34,20
2020-08-15,-55,-30,-46,-49,-24,18
2020-08-16,-64,-43,-55,-56,-21,17
2020-08-17,-70,-50,-60,-72,-69,29
2020-08-18,-47,-21,-37,-49,-34,18
2020-08-19,-49,-26,-40,-53,-37,19
2020-08-20,-48,-23,-38,-53,-37,19
2020-08-21,-49,-23,-41,-52,-33,20
2020-08-22,-53,-28,-45,-48,-20,17
2020-08-23,-64,-44,-56,-56,-18,16
2020-08-24,-48,-27,-41,-52,-35,19
2020-08-25,-47,-24,-38,-51,-34,19
2020-08-26,-48,-26,-38,-52,-35,18
2020-08-27,-46,-23,-36,-51,-35,18
2020-08-28,-45,-19,-36,-49,-30,19
2020-08-29,-49,-23,-40,-45,-15,14
2020-08-30,-56,-33,-46,-48,-12,13
2020-08-31,-44,-20,-37,-50,-33,18
2020-09-01,-41,-13,-32,-45,-32,17
2020-09-02,-42,-18,-35,-47,-34,16
2020-09-03,-39,-14,-31,-47,-34,16
2020-09-04,-40,-13,-32,-43,-29,17
2020-09-05,-37,-11,-27,-36,-13,11
2020-09-06,-45,-24,-33,-39,-10,10
2020-09-07,-41,-18,-35,-46,-33,16
2020-09-08,-41,-17,-33,-44,-33,17
2020-09-09,-41,-20,-31,-44,-33,15
2020-09-10,-40,-18,-29,-45,-34,16
2020-09-11,-41,-17,-33,-45,-29,17
2020-09-12,-38,-14,-29,-37,-12,11
2020-09-13,-45,-25,-32,-38,-8,9
2020-09-14,-40,-18,-33,-45,-29,16
2020-09-15,-38,-13,-29,-43,-28,16
2020-09-16,-39,-18,-31,-43,-31,15
2020-09-17,-37,-14,-30,-42,-31,16
2020-09-18,-37,-10,-30,-39,-26,16
2020-09-19,-33,-8,-26,-30,-10,10
2020-09-20,-41,-19,-30,-32,-5,8
2020-09-21,-42,-18,-33,-44,-31,16
2020-09-22,-40,-11,-30,-38,-28,16
2020-09-23,-43,-16,-33,-39,-30,16
2020-09-24,-42,-14,-31,-40,-31,16
2020-09-25,-40,-9,-31,-36,-25,16
2020-09-26,-38,-7,-27,-26,-8,10
2020-09-27,-45,-20,-32,-27,-7,9
2020-09-28,-41,-11,-33,-38,-27,15
2020-09-29,-41,-9,-32,-37,-27,16
2020-09-30,-39,-6,-30,-38,-29,14
2020-10-01,-36,0,-27,-37,-27,13
2020-10-02,-35,1,-28,-29,-22,13
2020-10-03,-33,0,-25,-19,-8,8
2020-10-04,-40,-12,-28,-19,-5,7
2020-10-05,-36,-4,-29,-31,-27,12
2020-10-06,-35,-3,-26,-29,-26,13
2020-10-07,-37,-9,-29,-32,-27,12
2020-10-08,-36,-6,-28,-31,-28,13
2020-10-09,-36,-5,-29,-28,-23,13
2020-10-10,-35,-5,-23,-20,-7,7
2020-10-11,-39,-16,-18,-21,-3,6
2020-10-12,-49,-25,-30,-50,-64,17
2020-10-13,-39,-9,-33,-28,-25,13
2020-10-14,-38,-10,-31,-30,-26,14
2020-10-15,-35,-3,-28,-29,-27,14
2020-10-16,-34,0,-29,-26,-21,14
2020-10-17,-32,0,-27,-15,-5,9
2020-10-18,-39,-12,-29,-15,-1,8
2020-10-19,-38,-7,-34,-29,-25,14
2020-10-20,-37,-7,-31,-28,-24,15
2020-10-21,-38,-9,-28,-34,-26,14
2020-10-22,-36,-7,-26,-31,-26,14
2020-10-23,-36,-4,-28,-28,-21,14
2020-10-24,-34,-3,-25,-17,-4,9
2020-10-25,-38,-12,-25,-16,0,7
2020-10-26,-37,-6,-30,-29,-24,13
2020-10-27,-37,-7,-31,-28,-23,14
2020-10-28,-37,-9,-32,-30,-24,14
2020-10-29,-35,-3,-30,-29,-25,13
2020-10-30,-33,3,-30,-25,-19,13
2020-10-31,-34,4,-30,-17,-4,9
2020-11-01,-40,-11,-31,-21,-2,8
2020-11-02,-45,-14,-32,-48,-62,19
2020-11-03,-32,3,-29,-24,-21,12
2020-11-04,-35,-5,-31,-28,-24,13
2020-11-05,-33,-3,-30,-28,-24,13
2020-11-06,-33,-2,-31,-26,-19,13
2020-11-07,-30,-2,-28,-13,-1,8
2020-11-08,-36,-13,-30,-15,2,8
2020-11-09,-35,-8,-35,-27,-22,14
2020-11-10,-36,-9,-35,-27,-22,14
2020-11-11,-36,-10,-34,-28,-23,13
2020-11-12,-34,-7,-32,-28,-24,13
2020-11-13,-35,-5,-35,-24,-19,13
2020-11-14,-29,0,-26,-11,-4,8
2020-11-15,-31,-9,-23,-13,3,6
2020-11-16,-43,-17,-36,-46,-61,18
2020-11-17,-34,-3,-33,-22,-21,13
2020-11-18,-33,-4,-30,-24,-22,12
2020-11-19,-32,-4,-29,-26,-23,13
2020-11-20,-29,2,-29,-20,-17,12
2020-11-21,-22,7,-22,-8,3,6
2020-11-22,-29,-5,-24,-8,8,7
2020-11-23,-30,-2,-30,-23,-20,12
2020-11-24,-32,-3,-30,-21,-19,13
2020-11-25,-30,-1,-26,-22,-20,12
2020-11-26,-27,3,-25,-22,-21,11
2020-11-27,-26,5,-30,-18,-16,11
2020-11-28,-23,6,-25,-4,3,6
2020-11-29,-22,5,-20,1,12,5
2020-11-30,-23,10,-24,-17,-18,10
2020-12-01,-22,13,-22,-15,-17,10
2020-12-02,-23,10,-22,-18,-18,10
2020-12-03,-22,11,-19,-18,-19,10
2020-12-04,-21,13,-19,-12,-13,9
2020-12-05,-17,13,-15,1,6,4
2020-12-06,-19,6,-15,2,16,4
2020-12-07,-17,22,-7,-11,-17,7
2020-12-08,-38,-12,-25,-43,-56,17
2020-12-09,-27,2,-23,-19,-18,9
2020-12-10,-25,6,-19,-19,-19,10
2020-12-11,-25,7,-21,-16,-13,10
2020-12-12,-22,7,-16,-5,6,5
2020-12-13,-23,1,-14,2,17,5
2020-12-14,-24,6,-22,-17,-17,10
2020-12-15,-21,12,-18,-14,-16,9
2020-12-16,-21,12,-16,-15,-16,8
2020-12-17,-20,14,-16,-16,-18,9
2020-12-18,-21,15,-18,-13,-12,9
2020-12-19,-18,16,-14,3,8,4
2020-12-20,-15,14,-11,15,23,3
2020-12-21,-16,19,-14,-9,-16,8
2020-12-22,-14,25,-11,-7,-16,8
2020-12-23,-11,32,-5,-6,-17,5
2020-12-24,-17,43,-1,-16,-29,7
2020-12-25,-70,-53,-51,-66,-73,24
2020-12-26,-37,-7,-26,-28,-16,9
2020-12-27,-36,-12,-24,-14,10,7
2020-12-28,-24,9,-19,-21,-22,11
2020-12-29,-20,17,-12,-18,-22,10
2020-12-30,-17,26,-5,-17,-24,7
2020-12-31,-27,34,1,-28,-39,9
2021-01-01,-76,-61,-48,-71,-76,25
2021-01-02,-58,-29,-36,-52,-42,16
2021-01-03,-43,-18,-21,-19,-6,6
2021-01-04,-30,5,-19,-28,-29,12
2021-01-05,-33,1,-21,-31,-29,14
2021-01-06,-35,-4,-22,-34,-30,13
2021-01-07,-34,3,-21,-32,-30,13
2021-01-08,-48,-10,-36,-45,-34,19
2021-01-09,-65,-36,-51,-55,-31,20
2021-01-10,-67,-43,-51,-53,-20,17
2021-01-11,-68,-45,-52,-66,-69,27
2021-01-12,-36,-2,-26,-29,-24,12
2021-01-13,-39,-9,-31,-34,-29,11
2021-01-14,-40,-10,-33,-36,-32,12
2021-01-15,-44,-9,-37,-37,-31,13
2021-01-16,-59,-28,-49,-52,-28,16
2021-01-17,-65,-41,-52,-52,-23,14
2021-01-18,-39,-9,-35,-33,-29,11
2021-01-19,-39,-10,-34,-33,-29,13
2021-01-20,-40,-13,-34,-35,-29,12
2021-01-21,-39,-11,-34,-36,-30,13
2021-01-22,-40,-10,-37,-32,-25,13
2021-01-23,-50,-21,-43,-40,-18,13
2021-01-24,-57,-36,-46,-41,-16,11
2021-01-25,-38,-11,-36,-31,-26,12
2021-01-26,-38,-9,-34,-31,-26,13
2021-01-27,-38,-11,-32,-32,-26,12
2021-01-28,-37,-7,-31,-31,-27,12
2021-01-29,-33,1,-30,-26,-21,11
2021-01-30,-30,5,-26,-17,-5,6
2021-01-31,-35,-4,-28,-17,-2,5
2021-02-01,-33,2,-30,-25,-24,10
2021-02-02,-31,5,-27,-24,-24,11
2021-02-03,-34,-3,-30,-29,-25,10
2021-02-04,-33,-2,-30,-30,-26,11
2021-02-05,-33,0,-32,-28,-20,11
2021-02-06,-31,0,-29,-19,-4,6
2021-02-07,-36,-11,-27,-18,-2,5
2021-02-08,-35,-4,-35,-27,-24,11
2021-02-09,-34,-2,-33,-25,-23,12
2021-02-10,-34,-5,-32,-28,-23,11
2021-02-11,-33,-3,-29,-29,-24,11
2021-02-12,-34,-2,-33,-26,-19,11
2021-02-13,-30,2,-27,-18,-4,6
2021-02-14,-36,-11,-29,-17,-1,6
2021-02-15,-31,4,-32,-24,-21,10
2021-02-16,-29,8,-27,-21,-20,11
2021-02-17,-30,4,-25,-23,-21,10
2021-02-18,-31,2,-29,-24,-22,11
2021-02-19,-30,4,-30,-21,-16,10
2021-02-20,-25,8,-25,-13,-1,5
2021-02-21,-31,-3,-24,-11,1,4
2021-02-22,-31,3,-32,-22,-19,10
2021-02-23,-30,6,-28,-20,-18,11
2021-02-24,-31,1,-28,-23,-20,10
2021-02-25,-29,5,-27,-23,-21,10
2021-02-26,-26,11,-27,-18,-14,9
2021-02-27,-21,17,-22,-7,1,4
2021-02-28,-23,10,-19,-1,5,3
2021-03-01,-27,11,-31,-17,-18,9
2021-03-02,-26,14,-27,-16,-17,10
2021-03-03,-26,10,-25,-19,-19,9
2021-03-04,-28,7,-27,-21,-20,10
2021-03-05,-25,13,-25,-15,-14,9
2021-03-06,-20,15,-20,-6,1,4
2021-03-07,-26,3,-22,-7,4,4
2021-03-08,-22,12,-25,-16,-17,9
2021-03-09,-28,8,-27,-18,-17,10
2021-03-10,-31,3,-29,-20,-19,10
2021-03-11,-30,3,-30,-20,-19,10
2021-03-12,-29,6,-30,-16,-13,10
2021-03-13,-23,12,-24,-8,2,5
2021-03-14,-28,1,-24,-7,5,5
2021-03-15,-29,7,-32,-15,-16,10
2021-03-16,-26,14,-26,-13,-15,10
2021-03-17,-28,9,-27,-16,-16,10
2021-03-18,-28,9,-27,-17,-18,10
2021-03-19,-23,15,-23,-10,-11,9
2021-03-20,-22,15,-19,-3,2,4
2021-03-21,-24,5,-12,-4,6,3
2021-03-22,-41,-10,-31,-44,-62,17
2021-03-23,-29,10,-26,-12,-14,9
2021-03-24,-30,5,-28,-17,-17,10
2021-03-25,-26,11,-22,-15,-17,9
2021-03-26,-26,13,-26,-12,-11,10
2021-03-27,-24,14,-22,-5,5,5
2021-03-28,-27,5,-17,-5,11,5
2021-03-29,-23,16,-21,-14,-18,9
2021-03-30,-18,24,-13,-10,-18,8
2021-03-31,-15,31,-7,-8,-24,6
2021-04-01,-41,5,-15,-45,-63,17
2021-04-02,-59,-29,-34,-62,-70,25
2021-04-03,-34,3,-20,-30,-24,8
2021-04-04,-36,-5,-24,-12,1,4
2021-04-05,-26,15,-24,-13,-17,10
2021-04-06,-28,13,-24,-14,-16,11
2021-04-07,-31,8,-25,-18,-19,11
2021-04-08,-28,13,-24,-18,-18,11
2021-04-09,-35,3,-33,-21,-19,14
2021-04-10,-52,-17,-43,-44,-17,16
2021-04-11,-55,-26,-42,-45,-12,14
2021-04-12,-40,-4,-35,-34,-25,15
2021-04-13,-28,9,-24,-13,-15,11
2021-04-14,-28,5,-25,-17,-18,11
2021-04-15,-23,15,-21,-12,-17,10
2021-04-16,-43,2,-36,-39,-25,17
2021-04-17,-51,-11,-42,-41,-17,16
2021-04-18,-57,-25,-45,-43,-15,15
2021-04-19,-25,12,-24,-13,-15,10
2021-04-20,-28,10,-25,-12,-15,12
2021-04-21,-27,9,-23,-15,-17,11
2021-04-22,-25,12,-21,-13,-17,11
2021-04-23,-46,-2,-37,-39,-26,19
2021-04-24,-51,-11,-40,-39,-16,16
2021-04-25,-56,-23,-43,-40,-12,14
2021-04-26,-28,8,-27,-14,-15,11
2021-04-27,-29,8,-29,-13,-16,13
2021-04-28,-46,-13,-32,-36,-32,19
2021-04-29,-35,3,-31,-26,-24,15
2021-04-30,-46,4,-38,-37,-30,20
2021-05-01,-60,-19,-44,-48,-44,22
2021-05-02,-60,-24,-51,-43,-21,17
2021-05-03,-31,15,-28,-22,-23,15
2021-05-04,-29,20,-23,-21,-21,15
2021-05-05,-42,1,-30,-40,-34,20
2021-05-06,-32,9,-28,-33,-26,17
2021-05-07,-30,9,-27,-29,-19,16
2021-05-08,-36,0,-34,-29,-8,13
2021-05-09,-32,-3,-29,-24,3,10
2021-05-10,-29,5,-29,-26,-21,15
2021-05-11,-25,11,-23,-21,-18,14
2021-05-12,-33,2,-23,-35,-26,17
2021-05-13,-25,9,-21,-24,-20,13
2021-05-14,-23,15,-21,-18,-15,13
2021-05-15,-21,16,-20,-11,0,8
2021-05-16,-24,5,-19,-12,8,7
2021-05-17,-39,-10,-34,-45,-62,21
2021-05-18,-22,19,-19,-15,-14,12
2021-05-19,-27,9,-17,-31,-21,15
2021-05-20,-20,14,-15,-20,-17,12
2021-05-21,-21,15,-17,-15,-10,13
2021-05-22,-19,14,-16,-6,6,8
2021-05-23,-23,3,-17,-6,10,8
2021-05-24,-23,10,-21,-16,-15,13
2021-05-25,-21,13,-17,-13,-13,13
2021-05-26,-22,11,-16,-22,-18,14
2021-05-27,-18,15,-15,-16,-16,12
2021-05-28,-24,13,-18,-22,-14,16
2021-05-29,-14,24,-16,-5,7,8
2021-05-30,-15,14,-16,0,13,7
2021-05-31,-12,27,-14,-9,-12,12
2021-06-01,-10,30,-9,-6,-12,12
2021-06-02,-15,22,-8,-12,-16,12
2021-06-03,-12,24,-9,-10,-14,11
2021-06-04,-11,27,-9,-5,-7,11
2021-06-05,-7,29,-5,7,9,6
2021-06-06,-12,14,-6,4,11,6
2021-06-07,-25,5,-14,-35,-62,19
2021-06-08,-18,16,-17,-5,-11,11
2021-06-09,-20,13,-16,-18,-17,13
2021-06-10,-12,22,-8,-7,-14,11
2021-06-11,-15,20,-14,-4,-8,11
2021-06-12,-11,22,-9,6,7,5
2021-06-13,-16,8,-9,0,10,6
2021-06-14,-28,-3,-20,-37,-63,18
2021-06-15,-11,27,-10,-1,-11,9
2021-06-16,-8,27,-5,-4,-15,8
2021-06-17,-12,22,-11,-10,-17,9
2021-06-18,-11,25,-11,-7,-10,9
2021-06-19,-5,29,-7,7,6,4
2021-06-20,-13,11,-18,4,10,4
2021-06-21,-12,23,-11,-6,-16,10
2021-06-22,-13,22,-10,-6,-14,10
2021-06-23,-15,14,-13,-8,-17,10
2021-06-24,-13,18,-10,-10,-17,10
2021-06-25,-11,23,-12,-5,-10,10
2021-06-26,-7,25,-8,5,7,5
2021-06-27,-9,15,-7,8,11,5
2021-06-28,-10,24,-9,-4,-14,8
2021-06-29,-11,24,-8,-7,-14,9
2021-06-30,-4,31,-4,-4,-15,8
2021-07-01,-1,38,0,-2,-15,8
2021-07-02,-1,40,-1,4,-8,8
2021-07-03,-3,34,-1,15,7,3
2021-07-04,0,25,10,20,10,2
2021-07-05,-15,15,-1,-27,-62,14
2021-07-06,-5,35,-2,4,-9,8
2021-07-07,-5,29,0,1,-13,8
2021-07-08,-6,29,-1,0,-13,9
2021-07-09,-9,26,-10,2,-6,9
2021-07-10,-4,29,-5,13,12,5
2021-07-11,-6,20,-2,16,15,5
2021-07-12,-8,28,-7,1,-10,9
2021-07-13,-8,27,-5,2,-9,9
2021-07-14,-7,22,-4,0,-10,8
2021-07-15,-2,33,2,1,-9,8
2021-07-16,-1,36,0,7,-2,7
2021-07-17,1,34,2,19,13,3
2021-07-18,-3,22,1,20,17,3
2021-07-19,0,35,2,2,-12,7
2021-07-20,-24,8,-7,-36,-58,21
2021-07-21,-7,26,-3,2,-8,7
2021-07-22,-6,27,-2,1,-8,8
2021-07-23,-6,28,-5,4,0,8
2021-07-24,-5,24,-9,12,15,5
2021-07-25,-11,14,-12,12,16,6
2021-07-26,-7,27,-8,3,-5,8
2021-07-27,-6,28,-4,5,-4,9
2021-07-28,-5,26,-2,3,-6,8
2021-07-29,-4,28,-1,1,-6,8
2021-07-30,0,36,-2,6,2,7
2021-07-31,9,45,7,24,17,2
2021-08-01,4,34,5,25,19,2
2021-08-02,0,39,-2,7,-3,7
2021-08-03,-1,37,0,8,-3,8
2021-08-04,-1,32,1,5,-4,7
2021-08-05,0,34,3,4,-4,7
2021-08-06,3,38,3,10,2,6
2021-08-07,-4,26,2,2,-17,7
2021-08-08,-4,19,-1,17,15,3
2021-08-09,-2,33,-2,9,-2,7
2021-08-10,-3,32,-1,11,-1,8
2021-08-11,-4,26,-1,7,-3,7
2021-08-12,-4,27,-2,4,-4,7
2021-08-13,0,34,-1,12,3,6
2021-08-14,1,32,0,24,13,2
2021-08-15,5,26,15,23,15,2
2021-08-16,-13,15,0,-24,-61,13
2021-08-17,-2,37,0,17,-1,6
2021-08-18,-3,30,0,10,0,7
2021-08-19,-6,25,-6,5,-1,8
2021-08-20,-3,30,-5,11,6,7
2021-08-21,4,34,1,21,19,3
2021-08-22,1,24,4,21,20,4
2021-08-23,-5,28,-6,9,1,7
2021-08-24,-7,25,-6,10,2,8
2021-08-25,-4,26,-3,8,0,7
2021-08-26,-4,28,-2,1,-2,8
2021-08-27,0,33,-1,10,8,6
2021-08-28,4,35,2,20,19,3
2021-08-29,-2,22,-1,18,19,3
2021-08-30,-3,32,-7,10,2,7
2021-08-31,0,39,-2,12,4,7
2021-09-01,3,40,2,10,1,6
2021-09-02,3,41,4,7,1,6
2021-09-03,4,41,1,14,9,6
2021-09-04,9,42,4,25,18,2
2021-09-05,1,29,0,25,20,2
2021-09-06,-2,34,-7,11,2,7
2021-09-07,0,36,0,13,6,7
2021-09-08,-1,30,0,9,3,6
2021-09-09,-1,30,1,7,2,6
2021-09-10,1,33,-2,10,10,6
2021-09-11,6,35,2,21,19,3
2021-09-12,0,24,0,20,19,3
2021-09-13,-1,32,-2,12,4,6
2021-09-14,-1,34,1,13,5,6
2021-09-15,2,34,3,11,2,6
2021-09-16,6,43,7,11,1,5
2021-09-17,9,45,7,16,8,4
2021-09-18,15,45,11,26,18,0
2021-09-19,4,27,3,24,17,1
2021-09-20,0,34,-2,11,4,6
2021-09-21,0,34,0,14,6,7
2021-09-22,-5,22,-7,7,5,7
2021-09-23,0,31,1,8,5,6
2021-09-24,2,33,0,12,11,5
2021-09-25,6,34,3,19,19,2
2021-09-26,3,26,7,23,19,2
2021-09-27,-1,32,-2,11,7,6
2021-09-28,-4,29,-4,8,7,8
2021-09-29,-2,28,-2,9,6,6
2021-09-30,5,40,2,14,6,5
2021-10-01,12,50,7,18,13,4
2021-10-02,14,48,9,28,20,1
2021-10-03,9,37,8,32,19,1
2021-10-04,2,39,-1,13,8,5
2021-10-05,4,41,3,17,9,6
2021-10-06,3,34,1,14,6,5
2021-10-07,3,34,3,13,6,5
2021-10-08,5,36,1,16,13,5
2021-10-09,7,36,1,24,20,2
2021-10-10,-1,22,-4,23,19,3
2021-10-11,2,33,-2,14,2,6
2021-10-12,5,36,4,17,4,6
2021-10-13,5,31,5,14,0,5
2021-10-14,0,26,-2,9,-1,6
2021-10-15,11,44,9,21,5,4
2021-10-16,9,38,7,29,15,1
2021-10-17,12,33,20,29,17,0
2021-10-18,-5,22,8,-18,-60,12
2021-10-19,4,41,6,26,9,4
2021-10-20,3,34,3,19,6,5
2021-10-21,3,34,2,18,6,5
2021-10-22,4,35,-1,19,14,5
2021-10-23,7,33,-1,26,22,3
2021-10-24,5,28,2,27,23,4
2021-10-25,1,32,-4,20,9,6
2021-10-26,3,35,-1,24,11,6
2021-10-27,5,35,3,19,8,5
2021-10-28,14,47,7,23,9,4
2021-10-29,11,46,5,27,16,4
2021-10-30,21,57,14,41,24,0
2021-10-31,40,67,40,50,31,-1
2021-11-01,-5,28,0,-19,-59,14
2021-11-02,9,51,9,30,12,4
2021-11-03,8,43,7,24,9,4
2021-11-04,8,41,6,23,8,4
2021-11-05,12,47,8,26,17,4
2021-11-06,16,47,9,34,25,1
2021-11-07,13,37,10,35,25,2
2021-11-08,5,38,-1,23,11,5
2021-11-09,7,40,4,28,13,5
2021-11-10,7,35,3,24,10,4
2021-11-11,10,40,8,23,9,4
2021-11-12,12,45,9,29,15,3
2021-11-13,15,44,10,39,21,0
2021-11-14,19,38,23,38,23,0
2021-11-15,-3,24,5,-16,-58,13
2021-11-16,10,45,8,32,13,3
2021-11-17,11,43,12,29,10,3
2021-11-18,12,44,12,26,9,4
2021-11-19,17,51,7,31,17,3
2021-11-20,12,41,5,37,26,1
2021-11-21,12,36,7,40,28,3
2021-11-22,7,40,2,27,10,5
2021-11-23,5,37,0,33,11,5
2021-11-24,8,35,4,27,8,4
2021-11-25,12,41,6,24,5,5
2021-11-26,16,48,6,32,14,3
2021-11-27,21,50,13,44,26,0
2021-11-28,20,43,13,45,31,1
2021-11-29,15,49,9,31,10,4
2021-11-30,22,59,17,38,11,3
2021-12-01,25,58,21,37,7,1
2021-12-02,26,61,23,34,7,2
2021-12-03,34,71,19,41,14,0
2021-12-04,26,57,20,51,27,-2
2021-12-05,28,53,22,58,37,-1
2021-12-06,25,61,20,39,9,2
2021-12-07,32,76,48,50,12,-1
2021-12-08,5,27,20,-13,-52,12
2021-12-09,20,50,19,33,10,2
2021-12-10,21,53,17,37,17,2
2021-12-11,22,49,16,47,33,-1
2021-12-12,22,41,16,54,43,1
2021-12-13,23,54,18,38,12,3
2021-12-14,24,56,21,44,13,3
2021-12-15,30,58,25,38,11,1
2021-12-16,35,66,29,36,10,1
2021-12-17,30,63,21,30,17,1
2021-12-18,33,62,26,47,34,-3
2021-12-19,42,61,29,63,51,-3
2021-12-20,35,68,23,31,9,1
2021-12-21,41,77,31,37,10,1
2021-12-22,44,77,36,33,6,-1
2021-12-23,51,96,46,35,4,-2
2021-12-24,32,108,45,15,-14,2
2021-12-25,-29,-13,-2,-33,-51,7
2021-12-26,16,33,17,25,27,0
2021-12-27,24,55,20,14,-3,4
2021-12-28,28,61,28,20,-2,4
2021-12-29,30,63,30,16,-5,3
2021-12-30,42,87,51,20,-9,0
2021-12-31,17,95,49,-2,-33,4
2022-01-01,-40,-24,4,-42,-60,7
2022-01-02,4,24,26,13,4,-1
2022-01-03,14,51,27,0,-21,7
2022-01-04,13,52,27,3,-15,7
2022-01-05,11,45,26,0,-16,7
2022-01-06,7,42,22,-2,-17,8
2022-01-07,5,42,17,-1,-10,9
2022-01-08,3,35,17,8,9,4
2022-01-09,6,27,26,18,22,3
2022-01-10,-12,17,6,-28,-59,16
2022-01-11,8,48,14,11,0,7
2022-01-12,6,39,11,6,-2,7
2022-01-13,4,38,9,4,-2,8
2022-01-14,6,42,8,6,6,8
2022-01-15,11,45,12,16,25,4
2022-01-16,9,37,14,23,31,4
2022-01-17,10,49,12,13,5,6
2022-01-18,11,49,15,16,7,7
2022-01-19,11,42,15,15,4,6
2022-01-20,11,44,16,14,4,6
2022-01-21,11,44,11,15,12,7
2022-01-22,12,42,10,22,28,3
2022-01-23,11,36,14,26,32,3
2022-01-24,11,46,13,22,9,6
2022-01-25,11,46,13,23,10,6
2022-01-26,11,41,14,18,8,5
2022-01-27,11,43,16,18,8,5
2022-01-28,11,44,10,16,16,5
2022-01-29,20,52,17,27,31,2
2022-01-30,20,50,21,34,36,2
2022-01-31,21,62,21,28,14,3
2022-02-01,18,60,21,32,16,4
2022-02-02,18,56,24,28,13,3
2022-02-03,17,53,23,27,13,3
2022-02-04,15,49,15,29,22,3
2022-02-05,20,52,15,32,32,1
2022-02-06,17,47,15,34,34,2
2022-02-07,16,53,16,35,17,3
2022-02-08,12,47,13,35,17,4
2022-02-09,11,42,15,30,15,3
2022-02-10,13,44,18,31,15,3
2022-02-11,14,45,15,36,24,2
2022-02-12,19,48,16,34,33,1
2022-02-13,13,40,14,32,34,2
2022-02-14,15,48,15,37,21,3
2022-02-15,17,55,20,39,23,2
2022-02-16,17,51,22,38,21,1
2022-02-17,18,53,23,36,22,2
2022-02-18,14,48,14,35,30,2
2022-02-19,20,50,17,34,36,1
2022-02-20,16,43,16,34,34,2
2022-02-21,12,48,15,37,26,2
2022-02-22,13,48,19,38,28,2
2022-02-23,10,41,16,30,25,2
2022-02-24,6,37,11,26,24,3
2022-02-25,12,45,12,32,33,3
2022-02-26,18,50,15,30,37,1
2022-02-27,9,39,6,28,34,3
2022-02-28,13,52,12,36,28,3
2022-03-01,19,63,22,42,31,2
2022-03-02,15,53,24,31,28,1
2022-03-03,14,49,19,30,28,2
2022-03-04,16,49,16,33,37,2
2022-03-05,19,49,14,34,38,1
2022-03-06,12,40,6,31,34,3
2022-03-07,14,51,16,36,32,3
2022-03-08,23,54,27,40,36,2
2022-03-09,10,39,19,26,32,2
2022-03-10,10,40,20,23,32,3
2022-03-11,19,55,18,26,39,2
2022-03-12,9,39,11,23,40,3
2022-03-13,23,60,44,38,41,2
2022-03-14,5,37,9,27,33,5
2022-03-15,13,51,21,32,38,3
2022-03-16,12,45,20,28,34,3
2022-03-17,13,47,23,27,33,3
2022-03-18,15,48,21,30,39,2
2022-03-19,19,48,28,32,35,0
2022-03-20,16,34,31,28,31,1
2022-03-21,-3,25,17,-20,-55,14
2022-03-22,8,45,19,33,38,3
2022-03-23,7,36,17,27,34,3
2022-03-24,7,35,16,22,33,3
2022-03-25,9,39,14,24,41,3
2022-03-26,12,40,14,25,39,3
2022-03-27,5,31,8,23,33,5
2022-03-28,7,38,13,27,32,4
2022-03-29,4,34,9,27,35,5
2022-03-30,8,38,15,24,34,3
2022-03-31,12,46,18,24,35,3
2022-04-01,16,51,19,26,44,2
2022-04-02,21,52,23,29,41,1
2022-04-03,14,42,18,29,35,3
2022-04-04,10,45,14,30,37,3
2022-04-05,10,46,18,31,39,3
2022-04-06,9,40,18,24,34,3
2022-04-07,9,39,17,26,34,3
2022-04-08,14,44,18,32,40,3
2022-04-09,18,46,22,36,40,1
2022-04-10,16,37,29,36,40,2
2022-04-11,15,46,24,18,9,5
2022-04-12,17,49,31,19,8,5
2022-04-13,27,59,45,21,-3,2
2022-04-14,0,35,60,-21,-59,13
2022-04-15,-24,2,40,-42,-66,20
2022-04-16,-2,25,24,-3,-11,6
2022-04-17,1,25,12,30,27,2
2022-04-18,4,35,6,31,31,4
2022-04-19,6,40,11,35,37,4
2022-04-20,6,35,12,30,33,3
2022-04-21,9,40,17,27,34,3
2022-04-22,9,38,12,31,43,3
2022-04-23,13,39,14,29,42,2
2022-04-24,8,31,9,28,38,4
2022-04-25,7,39,10,33,38,4
2022-04-26,10,41,16,33,41,3
2022-04-27,6,32,11,30,36,3
2022-04-28,6,37,12,10,26,6
2022-04-29,19,49,21,31,42,2
2022-04-30,27,55,24,40,42,0
2022-05-01,26,56,28,43,39,2
2022-05-02,16,55,20,37,39,3
2022-05-03,15,53,23,37,41,3
2022-05-04,14,43,20,31,37,2
2022-05-05,11,40,12,29,34,3
2022-05-06,11,41,7,30,39,4
2022-05-07,17,46,8,30,37,3
2022-05-08,29,53,21,34,39,1
2022-05-09,7,39,7,29,36,4
2022-05-10,9,42,12,33,40,3
2022-05-11,7,34,10,31,36,3
2022-05-12,10,39,17,29,36,2
2022-05-13,13,41,14,32,39,3
2022-05-14,18,45,17,33,40,2
2022-05-15,20,46,24,38,38,2
2022-05-16,10,45,14,35,36,3
2022-05-17,8,42,14,37,41,4
2022-05-18,4,31,9,29,36,3
2022-05-19,7,34,11,33,35,3
2022-05-20,12,42,13,31,41,3
2022-05-21,18,47,21,33,41,1
2022-05-22,17,41,24,37,37,2
2022-05-23,6,39,11,31,38,4
2022-05-24,7,40,15,34,41,4
2022-05-25,8,36,15,28,36,3
2022-05-26,10,38,17,27,35,3
2022-05-27,15,45,17,30,40,3
2022-05-28,11,45,12,26,39,3
2022-05-29,25,62,45,44,36,2
2022-05-30,-5,27,7,-24,-53,18
2022-05-31,12,50,17,36,41,3
2022-06-01,13,48,20,30,36,3
2022-06-02,12,45,18,28,34,3
2022-06-03,9,40,9,30,41,4
2022-06-04,14,41,12,31,40,3
2022-06-05,15,41,16,36,38,4
2022-06-06,9,43,12,31,36,4
2022-06-07,8,42,13,35,37,5
2022-06-08,10,38,16,27,33,3
2022-06-09,8,37,14,25,32,4
2022-06-10,14,44,18,31,40,3
2022-06-11,13,39,13,31,39,3
2022-06-12,12,36,15,33,37,4
2022-06-13,7,38,10,29,33,5
2022-06-14,9,41,15,32,35,5
2022-06-15,16,45,20,29,31,3
2022-06-16,19,52,24,28,29,3
2022-06-17,29,65,18,31,32,3
2022-06-18,14,49,13,33,37,3
2022-06-19,27,64,47,50,38,2
2022-06-20,-3,26,8,-20,-53,18
2022-06-21,14,49,21,34,27,4
2022-06-22,16,43,22,31,22,4
2022-06-23,13,40,19,27,20,5
2022-06-24,16,45,17,33,25,5
2022-06-25,19,48,25,41,35,1
2022-06-26,24,40,32,38,37,1
2022-06-27,0,24,17,-15,-54,15
2022-06-28,14,45,20,38,21,4
2022-06-29,17,44,21,32,19,4
2022-06-30,23,54,26,32,18,4
2022-07-01,27,64,30,38,24,3
2022-07-02,29,62,41,47,33,0
2022-07-03,32,51,53,58,34,-1
2022-07-04,8,36,28,-12,-54,13
2022-07-05,23,61,32,40,24,3
2022-07-06,22,53,29,34,22,3
2022-07-07,21,51,28,30,22,3
2022-07-08,17,46,19,31,29,4
2022-07-09,24,50,27,42,40,1
2022-07-10,21,44,26,47,40,2
2022-07-11,13,44,14,35,28,5
2022-07-12,17,48,23,38,33,4
2022-07-13,16,42,23,34,29,3
2022-07-14,16,43,24,32,28,4
2022-07-15,20,48,24,32,37,4
2022-07-16,27,55,34,47,42,1
2022-07-17,22,48,28,49,40,2
2022-07-18,18,53,25,38,34,6
2022-07-19,25,54,32,43,35,5
2022-07-20,9,34,29,-7,-44,16
2022-07-21,14,46,25,34,32,4
2022-07-22,17,47,23,35,40,4
2022-07-23,17,44,21,36,42,3
2022-07-24,14,37,20,39,39,5
2022-07-25,13,46,16,39,36,5
2022-07-26,15,47,20,45,39,4
2022-07-27,15,40,17,40,34,4
2022-07-28,18,46,22,39,33,4
2022-07-29,25,56,27,42,42,3
2022-07-30,30,60,31,51,46,1
2022-07-31,28,59,31,56,45,2
2022-08-01,21,58,21,48,37,4
2022-08-02,19,55,20,51,38,4
2022-08-03,21,53,27,45,35,3
2022-08-04,22,53,28,44,35,3
2022-08-05,21,52,21,46,42,3
2022-08-06,25,54,23,49,42,2
2022-08-07,22,49,31,49,42,3
2022-08-08,20,53,24,51,38,3
2022-08-09,17,49,23,53,41,3
2022-08-10,17,44,24,50,37,2
2022-08-11,21,49,31,49,37,2
2022-08-12,22,52,27,54,44,1
2022-08-13,23,50,31,57,40,0
2022-08-14,27,46,45,57,38,2
2022-08-15,10,39,33,0,-51,14
2022-08-16,21,59,29,64,41,4
2022-08-17,22,54,32,56,39,5
2022-08-18,22,53,31,52,39,5
2022-08-19,22,53,29,53,47,5
2022-08-20,22,49,24,51,47,5
2022-08-21,21,47,31,53,45,5
2022-08-22,17,50,20,53,40,7
2022-08-23,19,52,27,57,44,6
2022-08-24,17,45,27,51,40,5
2022-08-25,20,49,29,48,39,5
2022-08-26,21,50,25,49,48,5
2022-08-27,23,53,28,51,47,4
2022-08-28,20,48,30,52,45,4
2022-08-29,15,49,18,49,42,5
2022-08-30,21,57,27,56,47,4
2022-08-31,21,53,24,50,41,2
2022-09-01,23,57,27,51,40,2
2022-09-02,25,59,26,53,48,2
2022-09-03,25,55,24,52,45,1
2022-09-04,27,57,29,58,44,2
2022-09-05,22,58,24,53,42,2
2022-09-06,21,57,27,55,47,2
2022-09-07,20,49,27,50,43,2
2022-09-08,20,49,27,49,42,2
2022-09-09,22,52,25,48,50,2
2022-09-10,24,51,25,51,46,1
2022-09-11,24,50,32,54,45,2
2022-09-12,14,44,15,50,45,3
2022-09-13,16,48,20,53,48,3
2022-09-14,17,44,23,47,42,2
2022-09-15,25,57,30,50,41,1
2022-09-16,25,56,23,51,48,1
2022-09-17,34,62,34,57,46,0
2022-09-18,23,49,25,56,40,2
2022-09-19,15,48,16,52,42,3
2022-09-20,17,51,22,54,46,3
2022-09-21,16,43,20,49,40,2
2022-09-22,7,37,14,34,27,7
2022-09-23,20,49,19,54,48,2
2022-09-24,22,50,21,52,44,1
2022-09-25,22,49,28,58,41,2
2022-09-26,19,53,22,49,44,3
2022-09-27,19,53,25,54,47,3
2022-09-28,17,45,19,47,42,2
2022-09-29,21,52,23,47,41,2
2022-09-30,27,59,21,52,49,1
2022-10-01,33,69,30,58,46,0
2022-10-02,32,66,35,63,44,1
2022-10-03,25,64,25,55,45,2
2022-10-04,21,57,23,55,48,3
2022-10-05,20,50,21,49,42,2
2022-10-06,19,48,20,48,43,2
2022-10-07,21,50,18,49,48,2
2022-10-08,24,52,21,52,45,1
2022-10-09,21,46,24,55,40,2
2022-10-10,22,53,23,48,32,3
2022-10-11,23,51,25,49,34,3
2022-10-12,19,41,22,42,28,3
2022-10-13,20,43,24,43,27,3
2022-10-14,25,53,27,49,33,2
2022-10-15,28,57,35,55,39,-1
